Model,BLEU-4(‰) Index,Average ROUGE F-score(‰)
LLaVA-v1.6-7B,0.8693043368769333,292.39714709530176
MiniCPM-V-2.6,2.034808817081442,228.37693190230027
Llama-3.2-11B-Vision-Instruct,0.6760691169358296,72.06357287572634
GLM-4v-Plus-20250111,0.8982427691294534,309.8582058392714
Qwen2.5-VL-72B-Instruct,1.4541151170131275,304.3603976860608
DeepSeek-VL2,0.10988322008552578,108.90621119152051
InternVL2.5-78B,0.44642688579914197,304.38474512106575
