Model,BLEU-4(‰) Index,Average ROUGE F-score(‰)
ChatGLM3-6B,0.5507372046712257,286.06519609456785
Qwen-max,0.872565681008366,316.67106652612665
Llama-3.1-405B-Instruct,3.70732479710759,101.55135527270343
GPT-4o,0.6094405558813969,327.48034311732664
CDIP-ChatGLM3,106.85574848145097,463.13019971060527
